"species","median.abund","range.size","trend"
"abetow",0.168364606797695,322,0.966911010206309
"acafly",0.221941761672497,3786,0.0764245228180879
"acowoo",0.169580653309822,3056,1.26096597246556
"affeag1",0.0301773678511381,15341,NA
"aldfly",0.374634861946106,12270,-0.937451024847491
"alepar2",0.112395007163286,3386,3.50092227095017
"aleter1",0.0630176812410355,674,NA
"allhum",0.0962763801217079,174,-0.231056594312307
"altori",0.301406413316727,1271,1.21197126352059
"ambduc",0.0501913949847221,3833,-3.43169025761159
"ameavo",0.0564228016883135,4390,-0.193602260213076
"amebit",0.00859418418258429,6439,-3.47804331044853
"amecro",0.507131159305573,18526,-1.06842938580648
"amedip",0.00778784742578864,4666,-0.2137864736364
"amegfi",0.692464888095856,12917,-1.30431907799351
"amekes",0.0877495594322681,38402,-2.19793965150736
"ameoys",0.067899726331234,2241,0.217043544320437
"amepip",0.239836275577545,12669,-2.08941441387685
"amered",0.227517694234848,10537,0.603653978879601
"amerob",1.17099404335022,26280,-0.41108773228107
"amewig",0.057896576821804,10799,-1.55680161833241
"amewoo",0.0299958596006036,4546,NA
"amgplo",0.148880861699581,6566,NA
"amtspa",0.152298323810101,8692,-3.07910106757776
"amwpel",0.115592464804649,6396,0.509765708291465
"andcon1",0.1484729424119,3698,NA
"andgoo1",0.495964825153351,1121,0.321729516066541
"andsol1",0.0519596114754677,1027,-1.42286790621541
"anhing",0.021104259416461,13239,1.49121658080798
"annhum",0.0643158070743084,1728,1.011206047994
"antnig",0.335947036743164,549,0.473642454623665
"aplfal",0.0414420738816261,16815,-0.999011566822433
"arcter",0.382203817367554,15253,-3.16978428131719
"ariwoo",0.0282816998660564,535,1.56723859734123
"ascspl1",0.645840346813202,4155,-0.884320494966358
"asfblu1",0.0872266106307507,4006,2.61142258070315
"ashpri1",0.834809809923172,4216,1.18387729540486
"asikoe2",0.244953215122223,14131,0.139689448745405
"asikoe3",0.237600713968277,3663,NA
"aspfly1",0.154868312180042,4628,0.296928511106224
"astfly",0.426681756973267,5543,1.37824323315769
"attwoo1",0.00856509525328875,9627,NA
"audgul1",0.0208101160824299,1027,NA
"audori",0.0459055546671152,618,3.02113946206161
"aukpar1",0.220398813486099,1140,1.38202346080764
"ausbla1",0.53559809923172,1134,-1.50268368370739
"ausbrt1",0.0457299333065748,528,NA
"ausfig1",0.119623892009258,1627,NA
"ausgan1",0.20189006626606,1125,NA
"ausgre1",0.0224450817331672,8378,1.32389209567595
"ausibi1",0.0888517461717129,3720,1.05567331724126
"auskes1",0.161925077438354,11379,-0.805872155510041
"auskit1",0.00754979439079762,11031,NA
"ausmag2",0.416868537664413,11609,-0.131801630060648
"ausneg1",0.242169119417667,2676,-0.525432102801086
"auspip2",0.214754715561867,10451,-2.85381075888761
"auspip3",0.0656606629490852,542,NA
"ausrav1",0.633064359426498,6786,-0.136158358234672
"aussho1",0.00969261629506946,1032,0.935714887952023
"austhr1",0.800224244594574,2499,-1.84399347472825
"azaspi1",0.14114511013031,1287,-0.649834350468107
"azchum1",0.0422494951635599,470,-0.426688426250344
"azukin1",0.0183170028030872,3130,NA
"azwmag3",1.13884824514389,486,2.09062328998179
"babwar",0.0469199996441603,4244,0.930999313134848
"bacspa",0.014555636793375,675,-1.18552344600369
"baisan",0.986163586378098,1960,0.5251492054407
"baispa",0.0857138186693192,1192,NA
"baleag",0.0345057845115662,20027,0.799361350567073
"balori",0.186158418655396,6313,1.10328698133648
"banana",0.320580273866653,18036,1.8798987558272
"banmyn1",0.502696394920349,3351,-0.710322962145559
"banswa",0.179935067892075,33597,-0.323336993146558
"banwre1",0.124885879456997,639,0.76528195461807
"bargol",0.0169452019035816,3831,0.980145447326829
"barswa",0.664001882076263,105485,-1.6588602573299
"basdov1",0.441275849938393,3974,NA
"batgod",0.0479397978633642,1096,NA
"batpig1",0.119952216744423,4306,1.29273557251063
"bawswa1",0.59386757016182,11568,-1.38031931979148
"bawwar",0.180816352367401,9192,1.67998592703808
"baymac",0.428929045796394,12966,NA
"bbwduc",0.202860042452812,10697,1.92982832306157
"bcbeag1",0.0121327405795455,8326,NA
"bcnher",0.0251701008528471,38870,-2.30439246429053
"bcrfin",0.0522899609059095,76,NA
"belkin1",0.0263871774077415,16945,-0.628855080975216
"belmin1",0.297977805137634,285,-5.30545688942483
"belspa2",0.0230332873761654,458,1.8957507012541
"belvir",0.138560742139816,4255,1.8014295065347
"benthr",0.0276130717247725,208,NA
"berhum",0.0591338127851486,1157,0.821358309633985
"bewwre",0.253398001194,5891,-1.10905339687286
"bicthr",0.0332024171948433,205,-2.11764917865306
"bkbcuc",0.0136906923726201,4999,-0.70951863830052
"bkbmag1",0.32461678981781,9761,-0.345399016666601
"bkbplo",0.0555341616272926,3897,-1.44511276797653
"bkbwar",0.184905797243118,3681,0.448754486661681
"bkbwoo",0.00841961847618222,8182,-2.09447944246128
"bkcchi",0.824336051940918,15885,-0.779213195042032
"bkchum",0.0909776389598846,3897,0.482202236207254
"bkcspa",0.0260661989450455,1700,-2.49473792925841
"bkcvir1",0.0753780491650105,298,0.798090338850925
"bkfcus1",0.318696051836014,11479,NA
"bkhgro",0.132736638188362,6292,0.545786395241531
"bkhpar",0.508217394351959,872,NA
"bknsti",0.13971633464098,13212,-0.366793554944122
"bkpwar",0.139546304941177,9024,-0.256203418126227
"bkrfin",0.018542842939496,205,NA
"bkrfla1",0.163336217403412,4426,1.84944357025077
"bktgna",0.1305026486516,2064,1.07734595833964
"bktspa",0.654724925756454,3792,-1.70953529554177
"bkvshe",9.62701225280762,1231,2.68933094928243
"bkwvir",0.921132296323776,674,2.57067775761274
"blabul1",0.339514464139938,5803,1.93186396895119
"blacur2",0.606762379407883,154,NA
"blahon1",0.027733325958252,5853,NA
"blakit1",0.33987657725811,51920,-1.90412260994148
"blaplo1",0.342608481645584,7865,NA
"blared1",0.217249609529972,15878,NA
"blbgul1",0.240069694817066,400,NA
"blbpuf2",0.34753780066967,10558,NA
"blcjay1",0.401009887456894,940,0.802670458986595
"blcsis2",1.36494570970535,2156,-0.151069203144709
"blctan1",0.0738175958395004,504,NA
"blctit4",0.512419015169144,1024,3.42944981853254
"blfdot1",0.0411751735955477,6972,2.26708892210352
"blfhon1",0.251451253890991,3629,NA
"blfmon1",0.0481300260871649,614,NA
"blfter1",0.148172408342361,186,NA
"blfwoo1",0.837190836668015,10216,NA
"blhhon1",0.492444545030594,136,NA
"blhpar1",0.804020404815674,13399,2.36405249860305
"blhsal1",0.51327508687973,1292,NA
"blhtro1",0.218398690223694,952,NA
"blkflo1",0.0216182228177786,329,-1.14487782268289
"blkoys",0.0396210849285126,897,0.0443234427673642
"blkpho",0.0619294587522745,7406,0.271420259889309
"blksco2",0.0765564441680908,4927,1.14021531075612
"blkski",0.0250653782859445,5634,-3.0505016658276
"blkswa",0.0714386478066444,2791,NA
"blkswi",0.0108315581455827,2179,-3.01774632690554
"blkter",0.0328789539635181,14752,-4.11174555106555
"blktur",0.0471374318003654,246,0.213127706595715
"blkvul",1.30873954296112,30485,-0.192325679882708
"blnswa2",0.11073412001133,2077,NA
"blrwar1",0.0842013917863369,14426,0.86797429422826
"blttit2",0.57922825217247,5348,-2.44968339535626
"blubun",0.0067350568715483,952,0.503786466051921
"bluduc1",0.00811779964715242,193,NA
"blueth",0.102318696677685,20227,1.01146564200476
"blugrb1",0.303007632493973,9554,0.476907554494024
"blujay",0.646035015583038,10655,1.23167701034965
"blumoc",0.102020554244518,1147,4.36699828594586
"blutit",0.701620042324066,17706,-0.404914465110765
"blwpar3",0.0207244623452425,531,NA
"bncfly",0.167568624019623,17455,1.27374669263244
"bncwoo3",0.0152828670106828,2444,NA
"bnhcow",0.680994629859924,17664,0.193147191287099
"bnhnut",0.297308027744293,1440,0.216320962435432
"boboli",0.140886649489403,5258,-2.44044980253002
"bohwax",0.0388258695602417,11180,-5.0245035945229
"bongul",0.0982410758733749,7617,-3.12554749269406
"booeag1",0.030588436871767,19321,NA
"borchi2",0.34261192381382,12248,-0.464991835259946
"botgra",0.855443954467773,546,-1.28860584521609
"bracor",1.04444110393524,1315,0.271641469554661
"brant",0.238307036459446,4610,-2.31365310138877
"brasta1",0.908462136983871,4334,0.615812446686592
"bratea1",0.147627249360085,10807,4.71858357358665
"brbhum",0.125535346567631,1710,1.56709174515782
"brbsol1",0.146849021315575,1172,3.51393511890563
"brcdov1",0.0877847820520401,492,NA
"brcmar1",0.184620082378387,18937,0.790497756853847
"brdowl",0.0260611353442073,9458,1.69306509126094
"brebla",0.321848377585411,6678,-1.50447050827414
"brebul1",1.12241101264954,1789,-1.8835191018582
"brespa",0.267862617969513,3167,-1.26535056689389
"brhpar1",0.105894230306149,651,-0.0425468767337594
"britit",0.0721023306250572,1221,0.130764626347085
"brncre",0.0535013880580664,10446,-0.908782527235395
"brnjay",0.927370309829712,1321,0.991078699824432
"brnowl",0.0125955501571298,61675,-1.81022282937654
"brnpel",1.0170117020607,2750,-0.9722535271303
"brnshr",0.0873204730451107,12128,0.0317530078464482
"brnthr",0.159634456038475,7927,-1.08405773939912
"brocow",0.537193328142166,4270,0.548005328279809
"brofal1",0.143165275454521,11598,1.83384105045851
"broger1",0.210266262292862,428,NA
"brogos1",0.0314798653125763,11226,5.75547471746495
"brohon1",0.479720056056976,9240,NA
"brolga1",0.0665894001722336,4302,NA
"broqua1",0.0614873543381691,6299,11.238353748691
"brotho1",0.657496213912964,1223,0.243905229241147
"brotin1",0.0113071193918586,2427,NA
"brotre2",0.115783166140318,3034,NA
"brtcur",0.00306572928093374,36,NA
"brthum",0.0564419738948345,2637,-0.857620466837676
"brucuc1",0.140949718654156,8402,NA
"bruwat1",0.139034308493137,432,1.36252911644129
"brwhaw",0.042187325656414,6841,2.23331554244164
"brwjac1",0.0772612243890762,3462,2.28276619823365
"brwpar1",0.144514992833138,685,-2.83605914429351
"btbwar",0.141846485435963,2486,-1.55548227456527
"btnwar",0.21868385374546,5011,-1.84765245221374
"btther1",0.0196840967983007,1184,3.48666776822426
"btywar",0.0704585686326027,2530,2.18823607884653
"bubcor1",0.566616892814636,8870,NA
"bubhum",0.085615910589695,628,0.178391110370493
"bubrai1",0.00109381717629731,3484,NA
"bubsan",0.0154586406424642,491,NA
"bucmot2",0.270255625247955,1145,NA
"budger",6.88809728622437,9029,NA
"buffle",0.0636563897132874,8037,-0.88369173976883
"buggna",0.202275514602661,10766,0.230466875438042
"bugtan",0.460459589958191,14033,0.438123228331341
"buhshr1",0.0421788450330496,1656,NA
"buhvir",0.12699818611145,7112,1.33540551255639
"bulori",0.180016741156578,5576,0.0959430796077104
"bunibi1",0.327584803104401,10955,1.83739731966114
"burowl",0.107554811984301,21136,-3.18228334618201
"bushti",0.363139092922211,4411,0.85147351818031
"buthum",0.0051484783180058,633,2.61382301079022
"butkne1",0.00574492383748293,1424,NA
"buwtea",0.0200022850185633,7300,-0.830096833574801
"buwwar",0.0165974386036396,1902,-1.61189959810907
"cacgoo1",0.0915044099092484,4115,1.5920724463399
"cacwre",0.496893048286438,2965,-1.49172811363371
"calgna",0.171691581606865,259,-2.44943902849752
"calgul",0.0604845695197582,3824,-1.00898966726983
"calhum",0.0112026417627931,1217,-1.04348731666194
"callar1",0.418291717767715,9581,NA
"calqua",0.354318886995316,3538,0.216456779615858
"calthr",0.112169668078423,363,0.897338096168546
"caltow",0.325287580490112,609,-0.538834204298128
"camwar",0.0337679199874401,4899,3.09540293765077
"cangoo",0.618786573410034,26285,-0.161835566962992
"cantow",0.323311030864716,2750,-1.51237058235495
"canvas",0.00935259461402893,3615,-3.00779484462388
"canwar",0.0588768161833286,3981,-0.26219579290936
"canwre",0.0402820762246847,5134,-2.26550739434621
"capspa1",1.0741947889328,3014,1.3268474034052
"carchi",1.63461685180664,3582,0.155285024523404
"carela1",0.460834786295891,86,NA
"carwre",0.920881867408752,5305,1.44230559877699
"casfin",0.143440023064613,2643,-0.497370182623101
"caskin",0.347828686237335,3143,0.381562100794891
"casspa",0.274055957794189,2597,-2.14858944129937
"caster1",0.0126814069226384,14012,-2.84499015227816
"casvir",0.0616647303104401,2149,0.0049316703827644
"categr",0.587013840675354,92725,-2.95931563054105
"cavswa",0.176110818982124,2325,-4.00256804859246
"ccbfin",0.0233168732374907,1258,NA
"cedwax",0.821525454521179,14831,-1.23186376982022
"cerwar",0.00857718288898468,1248,-0.842863992151771
"cetwar1",0.0499843265861273,8584,NA
"chbchi",0.346871018409729,1916,0.10711421430055
"chbcuc2",0.134079359471798,5032,3.65763025592763
"chcant2",0.113375451415777,672,-2.32819586020817
"chclon",0.255423814058304,1377,NA
"chhoro1",0.0856958776712418,985,1.53978023851468
"chicar1",0.819145530462265,6348,-0.898109749797358
"chifla1",0.407319068908691,3553,NA
"chifli1",0.13365775346756,1018,-0.757712438275377
"chipig2",0.3718121945858,599,NA
"chirav",0.1785619109869,2260,-1.68136171331019
"chispa",0.449958369135857,19208,-1.60733994431204
"chiswa1",1.03563362360001,2562,-0.44803218752406
"chiswi",0.192156478762627,6810,-1.46439803006696
"chivir1",0.139367930591106,20378,NA
"chiwig1",0.352434739470482,3096,NA
"chswar",0.252167552709579,4195,-0.272131025629889
"chukar",0.306684628129005,13574,0.0525615237545563
"chwwid",0.0719738304615021,2681,-2.57955032306991
"cinhar1",0.0134871518239379,4395,-1.44136583174556
"cinhum1",0.138431623578072,1179,1.1151670356426
"cintea",0.0195742715150118,5491,1.72965139285789
"cinvul1",0.209372580051422,9923,NA
"citwar1",0.0106036467477679,649,NA
"clagre",0.00691715115681291,967,NA
"clanut",0.133839279413223,3076,-0.564219630364426
"clarai11",0.0152583760209382,770,1.94494906085272
"clcrob",0.700197279453278,2265,0.666515255956098
"clcspa",0.217915087938309,5414,-0.112367697778527
"cliswa",0.306871235370636,17853,-1.67369903376477
"cobtan1",0.0956899970769882,1617,-2.05394223477057
"cockat",1.31037485599518,9435,NA
"codfin1",0.491041764616966,3512,-2.73222267281172
"cogdov",0.065990574657917,10101,-1.66915663690193
"cohmar1",0.685031294822693,24786,-1.57847961352098
"colinc1",0.0294070970267057,559,NA
"colspa1",0.0151494592428207,12287,NA
"colwar",0.00698707159608603,27,NA
"comblh1",0.0156520381569862,3352,-0.364724687699611
"comcha",0.995412766933441,21909,NA
"comchi1",0.341490685939789,18852,NA
"comeid",2.9131031036377,8730,-0.51039064227758
"comgal1",0.0744623132050037,10306,1.02489678440146
"comgol",0.0618787743151188,24462,-1.44558605361547
"comgra",0.607606410980225,12839,-0.997764747184675
"comkin1",0.0318886786699295,24152,NA
"comloo",0.0978055000305176,17778,-1.86789353182161
"commer",0.0262631345540285,32855,-1.94985037795186
"commyn",0.57011005282402,21236,-1.91271172147316
"comnig",0.225408241152763,14761,-0.103101331727789
"comnig1",0.138226211071014,10955,NA
"compau",0.445589542388916,21193,-0.64970232329936
"compea",0.991836577653885,4670,1.89746449177455
"compoo",0.0449474677443504,5732,0.261039945724526
"comrav",0.72528612613678,66837,0.481564848715945
"comred",0.503910601139069,18755,-3.98840961807932
"comred1",0.0687135308980942,22686,NA
"comsan",0.0291444975882769,28116,-1.92032223248913
"comtai1",0.520526200532913,10302,NA
"comter",0.100222505629063,43927,NA
"comyel",0.380010738968849,19536,-0.448156406228171
"conwar",0.032300554215908,2621,NA
"coohaw",0.00848600780591369,13510,-0.246563219916226
"copbar1",0.252759575843811,8778,0.788047484297491
"corbun1",0.317601189017296,12740,NA
"corpip1",0.0623762458562851,4599,NA
"coshum",0.157983340322971,1272,1.39291351951126
"cosswa1",0.125035498291254,3374,-0.839769180228012
"coukin",0.247739464044571,1103,1.14975445651566
"cowpig1",0.563447386026382,23272,2.85023667045403
"cowscj1",0.29274445772171,1013,0.179315544464666
"crbtan1",0.311958581209183,943,-0.391679115851054
"cregos1",0.0242024064064026,8624,-1.78937765253668
"cregua1",0.0166023783385754,1346,0.985398551205185
"crehon2",0.183658942580223,518,NA
"crelar1",0.666108906269073,26321,0.356650533496999
"creoro1",0.15058945119381,17119,0.270599437776562
"crepig1",1.62404596805573,10757,NA
"cresht1",0.0319524127990007,994,NA
"cretre1",0.019966509193182,3631,-0.637345798538829
"criros2",0.531885206699371,1182,1.42337302969296
"crithr",0.0595255494117737,1523,-0.206476057872025
"cubthr",0.325114831328392,3074,0.699118353316407
"daejun",0.612241446971893,16109,-1.79851672098418
"darwar1",0.0616113990545273,1367,0.200222425259532
"daured1",0.25953271985054,13588,2.90575920593859
"diafir1",0.0284471772611141,725,NA
"dickci",0.315500408411026,5455,-0.458265464635631
"dobfin1",0.888953328132629,4306,NA
"dobplo1",0.0450050383806229,291,-1.73575870991663
"doccor",0.0597188994288445,11577,-1.00855144308333
"dowwoo",0.162020742893219,16265,1.6567344506603
"ducfly",0.0709671936929226,14376,0.79882383850083
"dunlin",0.0416074674576521,5004,-3.69013805201946
"dusfly",0.11508109793067,3540,0.712503356780218
"dusgro",0.0275743082165718,2483,-1.63447949234978
"dusrob1",0.138762593269348,143,NA
"duswoo1",0.172605246305466,2770,NA
"eardov1",1.09110134840012,16084,-2.72829366786025
"eargre",0.0234274119138718,15327,NA
"easblu",0.174350567162037,9694,-2.50552650328968
"easkin",0.327449440956116,12271,0.498474388514764
"easmea",0.154062829911709,9048,-2.47145245955713
"easowl1",0.012896940112114,7238,-1.22105483494576
"easpho",0.167269855737686,9609,-1.43367146148768
"easros1",0.453603208065033,1519,0.178262009327869
"easspi1",0.184430174529552,1098,NA
"eastow",0.354632019996643,5021,-1.63334761962754
"easwhi1",0.252001285552979,750,0.0961822523168851
"easwpw1",0.0271931383758783,3819,-1.70461347489302
"eawpew",0.360130965709686,7102,1.6739411204271
"egygoo",0.296986281871796,14645,3.88838402154064
"eleeup1",0.0462703295052052,1245,2.15489487145704
"eleter1",0.139953792095184,667,NA
"eletro",0.0517856106162071,1693,3.55082446952217
"empgoo",0.122190289199352,311,NA
"eubeat1",0.736276805400848,17471,NA
"eucdov",0.336981475353241,53178,-0.278722940047352
"eugori2",0.249926537275314,15417,NA
"eugplo",0.0432986151427031,3606,0.858652565275493
"eurbla",0.4867362678051,23279,0.719362587845532
"eurcrm1",0.130722418427467,13720,NA
"eurgol",0.418197497725487,24812,NA
"eurgri1",0.159001305699348,3257,NA
"eurjay1",0.291545704007149,30202,0.621014194939113
"eurkes",0.178973212838173,49674,NA
"eurmag1",0.74814561009407,38112,NA
"euroys1",0.0223295763134956,10467,NA
"eurrob1",0.371555298566818,15351,0.787435577404962
"eurser1",0.144484184682369,8076,NA
"eursta",1.2281106710434,47203,-1.63655273920579
"eutspa",1.27274751663208,48122,2.14738779732534
"evegro",0.0177611522376537,5306,0.417143385585533
"faimar2",0.382395833730698,10242,NA
"fatcuc1",0.0210882276296616,2622,NA
"fepowl",0.0875445827841759,19614,2.37124885438478
"ferhaw",0.0107267536222935,3379,NA
"fernbi1",0.0070172215346247,180,NA
"fiediu1",0.18797592818737,1065,1.15424509810429
"fiespa",0.243852704763412,5976,-0.935892024855025
"fiscro",0.254667729139328,2906,1.12931692584242
"flaowl",0.00300855934619904,1087,-0.00152295782565693
"flarob1",0.0300306417047977,512,NA
"flicor1",1.17287117242813,18,NA
"flsjay",0.0197324324399233,45,-1.55824724845924
"forrav1",0.268145501613617,366,-0.568018232723882
"forter",0.0152338552288711,3460,-1.85428226012143
"fotfly",0.28937916457653,14858,0.259151988629148
"foxspa",0.260563492774963,12398,-1.98541526148396
"fragul",0.386122703552246,3811,0.554052314707964
"fuwduc",0.00844320002943277,10051,-0.960576338099294
"gadwal",0.0579276978969574,17657,1.93821633151601
"gagcoc1",0.175274319946766,386,NA
"galah",2.47108697891235,11101,-0.313706370169456
"gamqua",0.761725783348083,1393,0.286483171176874
"gartro1",0.0657321140170097,1673,4.5493921729696
"gbbgul",0.568001925945282,4246,-4.49334025483238
"gbwwre1",0.110623359680176,1700,-1.53641182767696
"gchwar",0.13527075201273,110,2.48738966605749
"gcrfin",0.0472965724766254,2827,NA
"gcrwar",0.100406672805548,10250,0.488301726187411
"giahum1",0.015213880687952,1760,-0.317886047186237
"gilfli",0.211603790521622,725,1.17655774159521
"gilwoo",0.718338966369629,1123,1.59684999796185
"glagul",2.12152874469757,11640,NA
"glbcoc1",0.00699170492589474,481,NA
"gloibi",0.0430230926722288,25030,1.9911016903904
"glwgul",0.781051576137543,2460,-4.82523970570514
"gnbman",0.0247379075735807,1133,1.31075135141144
"gnttow",0.171656772494316,2121,0.769388696025199
"gnwtea",0.0558375976979733,36229,-1.60575448776489
"gockin",0.258417457342148,9056,-2.38476636570448
"gocspa",0.25438991189003,3604,-1.01951257818463
"gocwoo1",0.445718944072723,436,NA
"goftyr1",0.105648443102837,761,0.609080655114748
"gofwoo",0.56114262342453,2903,0.273943789546456
"gohtan1",0.165005072951317,1124,NA
"goldcr1",0.089837908744812,13510,NA
"goleag",0.0193636594340205,32332,-2.04356135886871
"goltan1",0.0702438876032829,1008,0.869639030733431
"golwhi1",0.170571327209473,934,0.916835553503119
"gowwar",0.00886718742549419,918,-1.09351612539816
"gragra1",2.16123414039612,451,NA
"grahon5",0.143505357205868,56,NA
"grasal2",0.158197104930878,1729,NA
"graspa",0.0884918458759785,6338,-1.5753825516386
"grawar",0.0330818481743336,1718,1.72714463306996
"grbani",0.392818570137024,4446,1.16034529524811
"grbfir1",0.326947346329689,1026,0.148759204768463
"grbher3",0.0560591071844101,17949,-1.1630552129522
"grbtit1",0.200080916285515,3591,NA
"grcfly",0.251822173595428,7508,1.17214748864574
"greani1",0.118696272373199,15379,-0.110559887069039
"grecat1",0.0262789111584425,212,NA
"grecor",0.0572349783033133,46164,-4.43783362422457
"grecou1",0.40785613656044,11983,2.61535022791645
"greegr",0.0534973461180925,94140,-1.5743551147081
"grefla2",0.587691485881805,485,NA
"gregre1",0.0206018919125199,2046,NA
"grehon1",0.0335050076246262,10348,-1.96326471655938
"grejun2",0.0388890374451876,796,NA
"grekis",0.71957466006279,24130,1.2488173122364
"grepew",0.0570408031344414,1769,1.11331793936053
"greroa",0.0715960077941418,4456,-2.11835263539228
"greros2",1.50027215480804,155,NA
"gresca",0.0171485580503941,10251,-1.56235145144861
"gretea1",0.270041108131409,7053,-2.98237726806281
"grethr1",0.239592626690865,1203,-1.72516818180636
"gretit1",0.77586442232132,29551,1.13464076130094
"gretit4",0.843876540660858,11935,2.14209561054166
"grewhi1",0.285031646490097,21229,NA
"greyel",0.070101372897625,9866,2.54845297728206
"grhcha1",0.0676170736551285,480,NA
"grhowl",0.0304360529407859,29498,0.299217377588094
"grnher",0.0613155551254749,9781,-0.829502582885486
"grnjay",0.160918772220612,2525,2.86608748716974
"grnkin",0.0253254175186157,20983,0.658969956413023
"grnpar",0.0249506281688809,382,-1.19590381086921
"grnwoo3",0.257887750864029,960,1.35411795153508
"grpchi",0.928832709789276,654,NA
"grpfin1",0.2989112585783,5030,0.329765572482098
"grsfly1",0.274767875671387,1053,3.12046894487605
"grtgra",0.367145240306854,7250,-1.17572338912049
"grwsal1",0.0751326680183411,5348,NA
"grybut1",0.0994140952825546,8042,NA
"grycat",0.172101318836212,9826,0.543313294689534
"grycur1",0.113299734890461,2233,NA
"gryfan1",0.20837789028883,2678,-0.398220537500019
"gryfin1",0.365796566009521,10824,2.43608526673299
"gryfly",0.083266343921423,1986,2.03739938452408
"gryger1",1.04975432157516,584,-0.0700941544163474
"gryhaw2",0.0895342901349068,2588,1.80555703536746
"gryjay",0.472125798463821,14373,1.24497965402137
"grykin",1.32092308998108,897,0.760386337752792
"grypar",0.0565294586122036,11129,-0.84357999135705
"grysht1",0.262598305940628,11231,NA
"grytre1",0.0999931618571281,4788,3.2452137606373
"gryvir",0.0329841077327728,1448,-0.66626918886784
"grywag",0.138842336833477,22664,-2.73999570501502
"grywhi2",0.0696766935288906,1178,NA
"gubter1",0.0161902382969856,17249,-0.157873224623646
"gusgro",0.01079679466784,17,NA
"gwfgoo",0.268551915884018,6427,1.45720833713445
"gycful1",2.21620655059814,61,-0.323719285824776
"gycmin1",0.026415903121233,4707,NA
"gycthr",0.152934722602367,8676,-1.43547222577387
"gycwoo1",0.036908496171236,8597,-0.726693112702002
"hadibi1",0.224246472120285,18069,2.75416619403685
"haiwoo",0.11964488402009,19136,1.34155585824737
"hamfly",0.0738376304507256,4008,1.37726179058958
"harduc",0.0594696365296841,5373,-0.856830602313926
"harspa",0.204664088785648,2472,-1.62740961547514
"heegul",1.84099125862122,377,-6.81546897349885
"henspa",0.00886338669806719,1367,-0.339752912382072
"heptan",0.0261493436992168,10578,1.14892268172897
"hergul",0.290915966033936,34960,-2.66939322061463
"herthr",0.332850575447083,14970,-2.55988887159908
"herwar",0.229350700974464,491,0.111071758409559
"higmot1",0.0203545428812504,675,0.93420076050818
"higtin1",0.00106417568167672,410,NA
"hilmyn",0.114927411079407,4505,1.56087699459734
"hoared",0.0570261608809233,6362,-6.1791320564175
"hobcuc1",0.0955045521259308,11290,-0.947508104962015
"hohgre1",0.0156719805672765,2120,-4.82512682313784
"hoomer",0.00962708750739694,8598,-0.982856337866822
"hooori",0.0701213926076889,3199,2.1994038552475
"hoowar",0.141349591314793,2770,0.99158772251385
"horgre",0.0078149950131774,10222,-3.43398986433316
"horlar",0.381987422704697,28061,-1.43224261929017
"houcro1",1.64214146137238,7816,-3.88330517620012
"houfin",0.345809444785118,11444,0.0338460736911541
"houspa",0.368458688259125,83620,1.0378888483398
"houswi1",0.0530039370059967,7487,1.93212679544128
"houwre",0.354977965354919,38757,0.283131805647031
"hrshaw",0.0105719799175858,7829,-1.90854589037733
"hudgod",0.0536783672869205,747,NA
"hutvir",0.0517534464597702,2473,0.984659498885122
"ibechi2",0.0946548357605934,497,-0.302942232659169
"ibgshr1",0.103991970419884,812,0.300944047045548
"incdov",0.488133758306503,3303,-0.0987490076243869
"indbun",0.432382449507713,7968,-0.902081353519146
"indpit1",0.194347515702248,2679,2.09085797647093
"indrob1",1.00873029232025,4646,0.97105258208774
"indrol2",0.326985985040665,6515,-0.593009013102874
"indthk1",0.0328170452266932,3798,NA
"inghor2",0.327888771891594,3466,3.82609035826179
"inpher1",1.10845625400543,5751,NA
"ivbwoo1",0.0749253369867802,1486,2.15590719304366
"jabwar",1.21354413032532,1097,NA
"jerbus2",0.14895436167717,1006,0.35517577390684
"jerlea1",0.0862140655517578,1809,1.69219128035987
"junbab2",1.96952927112579,4845,NA
"junowl1",0.0334383100271225,1873,3.04212239462953
"juntit1",0.0877531915903091,1715,0.569183820597436
"karpri1",0.145409122109413,1221,0.635022995313532
"kea1",0.0793159529566765,189,NA
"kebtou1",0.226722411811352,1358,4.24719551149222
"kelgul",1.9613846540451,3541,0.708719284601714
"kenwar",0.0541041139513254,2744,0.612640582727822
"killde",0.158126875758171,19377,-1.71380626566858
"kineid",0.819790720939636,5405,NA
"kinrai4",0.00394044164568186,477,1.35635303902043
"kinvul1",0.0329045653343201,17211,NA
"labscr2",0.076904371380806,461,NA
"labwoo",0.316721200942993,4925,0.886844475507126
"laplon",1.90378844738007,11106,0.139356770656779
"larbun",0.35530523955822,1580,-7.81116945048847
"larspa",0.192868664860725,8583,-1.75331675220025
"laugul",0.597297370433807,2980,-2.47524870460206
"laukoo1",0.33056215941906,3936,1.84063546314155
"lavgul1",0.0877920836210251,27,NA
"lawgol",0.0934747830033302,391,1.51558021118476
"lazbun",0.174260511994362,4359,1.01972806645839
"lbbgul",0.0506783742457628,13472,3.36532873032429
"leabit",0.00235638627782464,2341,-0.35202188457585
"leafly",0.282143741846085,10219,0.678306891428189
"leafly2",0.149659499526024,3207,NA
"leagre",0.00364353356417269,8678,2.40857052929509
"leasan",0.0941574573516846,6441,-0.37714103446574
"leater1",0.14260470867157,2553,-0.911297848370809
"lecspa",0.0339203886687756,4229,-2.51744484031959
"lecthr",0.0238810712471604,450,-1.40661895205508
"lesgol",0.282446950674057,7601,-0.312226845161825
"lesgre1",0.172826051712036,1453,NA
"lesnig",0.0209944415837526,5568,NA
"lessca",0.0329751651734114,7492,-2.30127577856836
"lessts1",0.518570750951767,19424,0.859043468754387
"leswhi4",0.111886207014322,33896,NA
"lesyel",0.0605774447321892,8636,-1.40983213610118
"lewhon1",0.237233608961105,869,-0.834092010437854
"lewwoo",0.0101297101937234,1668,2.26059416369579
"libcor1",0.0371939204633236,4142,NA
"libcuc1",0.0114156845957041,4273,NA
"libher",0.0718533471226692,6020,-0.496185681139737
"lilmea2",0.0965395197272301,1772,NA
"limpki",0.0252549685537815,10219,2.57027224957048
"linspa",0.327389240264893,14034,-0.203120144013559
"linwoo1",0.112835545092821,20152,3.8442050705408
"lipcor1",0.0220863483846188,5559,2.57256950728288
"lirplo",0.0430986601859331,35912,-2.84819315928309
"liskiw1",0.0453486787155271,4,NA
"litcor1",1.58552020788193,7016,NA
"litcor2",0.545737981796265,8215,NA
"litcro1",0.261508107185364,6602,NA
"litfri1",0.585707366466522,5882,NA
"litlor1",0.0446663685142994,1355,NA
"litowl1",0.0366650465875864,26644,NA
"litrav1",0.823389112949371,1520,1.94655350009057
"livbul1",1.8365730047226,5484,-0.575671119007203
"lobcur",0.0470345206558704,3370,-1.10628069774278
"lobdow",0.0324164293706417,657,-2.03463373484443
"lobsun2",0.0544082894921303,601,NA
"lobthr",0.271656274795532,461,1.59675841069404
"loeowl",0.0068616452626884,26974,-2.96592320367793
"logshr",0.0647030062973499,9464,-2.89077010123648
"lotduc",0.347941011190414,12705,-2.84658584226523
"lotman1",0.107641100883484,321,-0.139589396106274
"lotmea1",1.33693039417267,3204,-0.787561186708391
"lotmoc1",0.660192668437958,443,NA
"lotshr1",0.0839884467422962,16118,1.27502361026302
"louwat",0.0534819681197405,3200,0.41794121235854
"lucwar",0.235553160309792,1180,2.51615180539499
"lyhvul1",0.0793501399457455,16198,NA
"macwar",0.199678309261799,3714,0.539960778245803
"magfri",0.749109447002411,3086,-0.959393262060047
"maghum1",0.0121244341135025,1297,1.97321535222012
"maglar1",0.698382377624512,11163,NA
"magrob",0.402332246303558,13301,0.181466891334568
"magwar",0.303101062774658,7324,-1.45509765429534
"mallar3",0.313001751899719,57671,-1.31930452869054
"mancuc",0.00322029204107821,1607,0.983408954914452
"manswa1",0.146442174911499,1111,-0.0250086620759198
"margod",0.162555865943432,2320,NA
"marmur",0.452922001481056,1138,-3.13616111135602
"marori2",0.052736409008503,2326,NA
"martit2",0.177091561257839,15318,NA
"marwre",0.0345780160278082,4760,1.25892518002714
"maslap1",0.114048302173615,7594,0.900022019076512
"mcclon",0.0724014490842819,845,NA
"meapar",0.513781607151031,10743,2.16489521039289
"melbla1",0.883502900600433,1458,1.84252009855772
"merlin",0.0163139589130878,15299,1.03288912464533
"mewgul2",0.197773054242134,6348,-3.49935063383943
"mexchi",0.067994236946106,606,-0.369862582008304
"mexduc",0.0515059344470501,1343,3.74068171681831
"mexjay4",0.289363652467728,1135,1.15814966195067
"milsto1",0.0092029981315136,99,NA
"miskit",0.172598212957382,2884,1.78448583210007
"monoro1",0.594904780387878,1065,NA
"monpar",5.53248310089111,4982,3.18800758865348
"monqua",0.00531831150874496,1353,-8.21139591091543
"motduc",0.102642193436623,518,-2.46692497563758
"moublu",0.0859399810433388,5170,-3.93699580537843
"mouchi",0.42357574403286,3792,-0.355434004670852
"moudov",1.56592750549316,17273,-1.01721516171732
"mouela1",0.0310790818184614,632,-1.44407216285349
"mouqua",0.0284344172105193,758,0.267705851464915
"mouwar",0.114316929131746,5126,0.475110355074591
"musduc",0.0404103957116604,17607,3.86749023076875
"muslor1",0.0781202763319016,1106,NA
"mutswa",0.0984035208821297,11393,-0.343316214109833
"naswar",0.402755692601204,5554,-1.52483362451804
"nehhon2",0.411959707736969,1297,0.821645291734514
"neocor",0.116248015314341,20510,-2.2769332439742
"nezbel1",0.757871985435486,545,0.317666415394711
"nezfan1",1.16155743598938,601,3.0106190136156
"nezpig2",0.279447823762894,530,-0.105234994515014
"nezrob2",0.213707819581032,184,NA
"nobtyr",0.0886628702282906,2777,4.48573288502878
"nohowl",0.00220495276153088,10753,-4.86667458421138
"noimin1",0.574117481708527,2459,1.74050073602353
"nopowl",0.00612830347381532,4596,-0.395933435891348
"norbob",0.145253375172615,5871,-3.73503876328151
"norcar",1.47970569133759,8804,0.925310317593966
"noremt1",0.0447554886341095,612,1.24950147757587
"norfli",0.264282464981079,22289,-0.772547212644874
"norgan",4.75230002403259,13624,-1.61196903729473
"norgos",0.00284532713703811,9945,NA
"norhar2",0.028833219781518,13582,-2.67879704058843
"norjac",0.077232263982296,1373,0.647840897934984
"norlap",0.417101860046387,22693,-1.25358831302617
"normoc",0.5049769282341,10463,-1.03036866094779
"norpar",0.221702203154564,6045,2.5092607618483
"norpin",0.0306619592010975,24299,-1.06291525783803
"norsho",0.0148217864334583,25012,-1.90179435854452
"norshr4",0.0130148539319634,3961,-3.63705068650532
"norwat",0.263364657759666,12824,1.94206345948259
"nrwswa",0.0939695574343204,15638,-1.07989699418256
"nstspa",0.0261891642585397,1964,NA
"nswowl",0.00700930273160338,7411,-6.2001651257828
"nutman",0.505271136760712,13584,1.16783610839986
"nutwoo",0.332013994455338,381,0.155308447950339
"oaktit",0.343056380748749,422,-0.673541571825083
"oashum1",0.055190110579133,574,2.95035516999407
"ocetur1",0.0100941299460828,196,0.411431719421835
"olbeup1",0.0777045637369156,542,NA
"olispa",0.08023452013731,1387,0.164186669926776
"oliwar",0.0237392485141754,945,0.903669454194024
"olsfly",0.0810472294688225,11015,0.843211129310294
"oltpar1",1.14035487174988,1020,0.715590535792657
"orbspa1",0.0329584758728743,1246,0.35356365500024
"orcori",0.2110765427351,7695,0.580070327420166
"orcpar",0.644109725952148,2115,2.70239429661719
"orcwar",0.248894840478897,12018,-0.327738744440843
"orfpar",0.586740374565125,910,2.27211874227896
"origre",0.428411364555359,12510,NA
"orihob2",0.0239238906651735,22288,NA
"ortdov",0.234509535133839,28332,NA
"osprey",0.00993318669497967,23637,-0.523195710275533
"ovenbi1",0.283455222845078,8546,-0.00207770183370905
"pacloo",0.0665739923715591,8379,NA
"pacswa1",0.89711332321167,6407,-3.24831818547245
"pacwre1",0.259674698114395,2712,-0.571703340098601
"paibun",0.287640437483788,2716,2.41714512993105
"paired",0.0262686312198639,1743,-0.825892612705327
"palcoc1",0.123854845762253,1241,NA
"paltan1",0.444867491722107,17861,1.83848160794043
"palthr1",0.290876775979996,1883,NA
"paltyr3",0.070936530828476,538,NA
"palwar",0.182563439011574,5973,-0.248245992474686
"parjae",0.131996691226959,11354,-1.54187337547561
"parshe1",1.00012588500977,583,1.21571048064462
"pecsan",0.070362888276577,2092,NA
"pelcor",0.536366999149323,3676,-3.12996890171822
"perboo1",8.80451488494873,345,NA
"perfal",0.00331813655793667,83382,0.297054354889815
"perpel1",3.91493439674377,443,-1.06654702407114
"phaino",0.0974773094058037,2571,-1.30235600142755
"phivir",0.0615896433591843,5305,-2.10917578562089
"phtjac1",0.0579176843166351,5924,0.356382319011562
"pibgre",0.0109092462807894,11254,-1.89450459692971
"picpig2",1.55738306045532,12651,2.59954858595808
"piecor1",0.0339787341654301,2287,NA
"piecur1",0.298909574747086,2060,0.182234034355453
"piekin1",0.0494491569697857,20999,0.3397501488855
"pieoys1",0.0770796090364456,914,1.07496050316096
"piesti1",0.0318648498505354,4612,-1.54848360436087
"pigdov1",0.629430085420609,12124,3.16451474252148
"piggui",0.457360371947289,2068,-1.76726668270699
"pilwoo",0.134275481104851,11594,1.34790334830012
"pingro",0.0159876616671681,9764,-0.975784180794863
"pinjay",0.236562982201576,2165,0.599675283792505
"pinsis",0.361789107322693,12685,-0.186558859119402
"pinwar",0.142175167798996,4743,1.32594267239777
"pipplo",0.0108162024989724,377,-0.778140315680226
"placha",0.531718850135803,1309,1.33145353165767
"plawre1",0.199331641197205,539,-0.00146689439745625
"plhpar1",0.611079454421997,3625,3.33468918396733
"plsvir",0.0362941697239876,3051,0.751014544291673
"pmtspi1",0.208709910511971,3557,1.06835799421556
"pomjae",0.0673026777803898,4558,-2.32035825301543
"prafal",0.0071836041752249,4828,-2.60268307485619
"prawar",0.118200767785311,2828,-1.27479925411169
"prowar",0.0386379584670067,2949,0.396085184091049
"purfin",0.118491843342781,6974,0.647168030744602
"purgal2",0.00835601799190044,12599,2.83920533066212
"purmar",0.170670814812183,7364,0.0214366982033989
"pursan",0.0515410304069519,2529,-1.96366928950631
"pursun3",0.416654601693153,3350,0.0286881905416621
"purswa3",0.131496027112007,4897,2.65236364692232
"pygnut",0.0469090528786182,2091,0.415364169717796
"pygwoo1",0.286176159977913,2334,3.32787437931212
"pyrrhu",0.197439804673195,2587,-0.46126555660391
"railor5",1.39987993240356,2333,0.144429252861271
"rawwre1",0.0281140729784966,1074,1.34343601548936
"rebfai1",0.566751003265381,3583,2.52700510763687
"rebfir1",0.463564410805702,1342,-0.152639580450228
"rebhaw2",0.182727247476578,4681,-0.358375379593876
"reblei",0.107253365218639,4463,NA
"rebmer",0.0621483102440834,16879,-1.65979988978911
"rebnut",0.226189181208611,11489,1.04641694757172
"rebpig1",0.493036985397339,1799,1.46562634630489
"rebsap",0.137248076498508,1638,-1.77135484138689
"rebshr1",0.292709916830063,14847,NA
"rebwoo",0.80047932267189,6014,1.48431182909539
"reccar",0.82774817943573,4144,0.873885952192392
"recdov1",0.299353644251823,8092,-0.223762143546288
"recfin1",0.229603439569473,7657,0.0124737893986393
"recplo1",0.0540394820272923,1377,NA
"recwoo",0.0126472944393754,469,-1.57229627180565
"recwoo1",0.308931201696396,2382,NA
"redcro",0.0796493925154209,24708,0.708262515552539
"redcro9",0.00177509139757603,4,NA
"redegr",0.0424361638724804,901,0.189781942662502
"redhea",0.0205297386273742,3988,0.0102296276720384
"redkit1",0.0478696040809155,3749,5.52070578224053
"redkno",0.0618868507444859,1104,-1.6072792980021
"redsho1",0.207822524011135,2936,1.80411365130523
"redwat1",0.575690627098083,2519,2.32359438620812
"reedov1",0.678726822137833,22566,0.823824948333721
"reevir1",0.463808566331863,13721,1.13068577302068
"refcoo1",0.0320041347295046,1574,-7.24279609021347
"refwar",0.0407407376915216,434,3.64510252144558
"regcoo1",0.19956836104393,3006,-1.78948145825783
"rehbar1",0.0320493038743734,656,2.97912259208146
"rehwoo",0.162292666733265,6086,2.10189785191568
"relhon1",0.0204467969015241,13436,1.96154055292147
"relpar",0.2414371073246,1569,4.09943508095705
"relpar1",0.104874230921268,1976,0.24418236400887
"relthr1",0.712326228618622,454,NA
"rengre",0.0114034814760089,6356,0.26099900560797
"rensap",0.0438171774148941,2451,-2.50695639315753
"rerpar1",0.621095776557922,2120,-0.239417105449225
"rerswa1",0.304290801286697,25529,NA
"reshaw",0.0879027470946312,6398,2.97248315402122
"rethaw",0.127124354243279,23595,-0.656597949569641
"retloo",0.0639411546289921,15382,NA
"revbul",2.61160457134247,8224,0.17330615467941
"rewbla",0.919014811515808,20929,-0.634137977134833
"rewlap1",1.19013857841492,10872,1.69143457742341
"ribgul",0.354894876480103,11019,-3.55523929120762
"ridrai1",0.0109914713539183,132,0.169648654637048
"rindov",1.39986956119537,16648,-0.503089133978904
"rinduc",0.0437961965799332,11185,-1.19565891219286
"rinkin1",0.047257088124752,20987,0.150786518031206
"rinphe1",0.103773422539234,26239,0.324456930636394
"rivter1",0.108091484755278,3578,0.421330771712098
"roahaw",0.29552611708641,23383,1.67605263559008
"robgro",0.116314172744751,6193,0.869861708925258
"rocpig",0.658740222454071,71232,-2.13761528268662
"rocsan",0.0589404664933681,303,NA
"rocwre",0.0999656282365322,6330,-0.995013831084358
"rolhaw",0.0366324633359909,11398,-2.01066464582603
"rosgoo",0.173188582062721,1827,NA
"rosspo1",0.0908622778952122,6498,-1.25580694145957
"rotbec",0.177720554172993,2340,2.6550847986451
"royspo1",0.0130686592310667,4925,0.133460484955087
"royter1",0.288626179099083,2796,0.82540335199418
"rtbcoc1",0.271719202399254,4438,-0.847514807609524
"rthhum",0.19693897664547,7213,1.5973471319144
"rtlhum",0.220763251185417,2157,1.5609099341413
"rubwre1",0.0419616438448429,535,1.84387562057176
"rucbab1",0.243178650736809,4855,0.00338812870690487
"ruckin",0.38027223944664,13688,-0.103589691789522
"rucspa",0.0709507837891579,3060,-3.08088142949444
"rucspa1",0.879800200462341,15824,-0.251592548711771
"rucwar4",0.117820799350739,915,-0.924023236964323
"rudduc",0.0250647850334644,4950,-0.901235469128337
"rudtur",0.0354295410215855,4434,-1.11285928918492
"rudwoo1",0.0039846848230809,660,-0.0352978113517054
"rufgro",0.0670777633786201,10742,0.44432470206644
"rufhum",0.122714422643185,2095,-1.44103087345043
"ruftre2",0.347099483013153,6404,NA
"rufwhi1",0.391190767288208,11215,0.516468821730033
"rugdov",0.652641624212265,20424,1.67025328276088
"runwre1",0.283347845077515,722,0.631885584146955
"rusbla",0.0343536362051964,10349,-1.7332476657545
"russpa2",0.27277410030365,4707,NA
"rutlar2",0.150035873055458,2389,NA
"rutpla1",0.0845961757004261,1348,-3.75637244338267
"rutthr1",0.0127168642356992,139,NA
"ruwspa",0.202800527215004,378,-0.66099952211232
"sabgul",0.189241670072079,3154,NA
"sackin1",0.128050804138184,10623,1.86832148769072
"saffin",0.98807692527771,14646,2.60026713347204
"saggro",0.204248875379562,1573,-1.56241124626607
"sagspa1",0.0326261837035418,1726,-0.04707898129954
"sagthr",0.0401570238173008,2462,-2.6870853366497
"sancra",0.232183419167995,15044,-0.112159259369891
"sander",0.0425026938319206,1711,0.00928536034480671
"santer1",0.0946604050695896,3960,1.16444554990316
"sarwar1",0.264313384890556,4048,NA
"satbow1",0.217728033661842,579,NA
"savspa",0.318990111351013,20215,-1.96202336155178
"saypho",0.0781571678817272,8482,1.16277488046291
"sbsbab2",0.353919431567192,62,-0.701066763863253
"scamac1",0.294944763183594,9899,2.20950909950558
"scamin3",0.154102981090546,373,NA
"scamyz1",0.0697352737188339,999,NA
"scaqua",0.277077466249466,2031,-3.6348969137953
"scatan",0.0622210055589676,4562,-1.21512120344069
"scblor1",0.364881470799446,1094,NA
"scbwoo4",0.177129611372948,2829,NA
"scnpig1",0.195657655596733,345,NA
"scoori",0.0985874384641647,3171,-1.20700789241104
"scrbla1",0.321145206689835,590,0.263501159086441
"scrcow1",0.0477462708950043,7276,3.76673260278591
"screup1",0.228226244449615,1289,NA
"scrtan1",0.179784782230854,474,-1.15518892531084
"sctfly",0.347364142537117,2464,-3.39268226814873
"seaspa",0.0395188145339489,263,-2.80477987576296
"sedwre",0.00460918713361025,4867,NA
"sedwre1",0.113405872136354,2974,-0.674211817384995
"semplo",0.129352658987045,10051,NA
"semsan",0.546521484851837,3838,NA
"shbcuc1",0.0464897193014622,2833,0.193802395573884
"shbdow",0.0237758941948414,1264,-2.19084365872894
"shbpig",0.0697912573814392,738,NA
"sheowl",0.00516443513333797,17823,-0.445942324090465
"shicow",0.657226026058197,17060,-0.174820309391458
"shshaw",0.00496280752122402,20728,-4.89913671189925
"shtgro",0.0444936621934175,5010,1.41071653799748
"shthaw",0.00512236915528774,14461,1.91540136408998
"shttre1",0.100260380655527,5764,NA
"sicswi1",0.100486163049936,8542,NA
"silgul2",1.63979125022888,2183,-0.789091867591927
"siltea1",0.0376953855156898,4281,2.03732373070391
"silver3",0.867957830429077,3533,1.78550452069303
"sittan1",0.0582320466637611,271,NA
"slaant1",0.00374186981935054,878,NA
"sltred",0.0972226485610008,2573,0.270516644529574
"smbani",0.787371784448624,20848,0.382395035675758
"snakit",0.0300235375761986,9685,0.267386307706705
"snobun",0.803002834320068,9949,-1.97016328501412
"snoegr",0.0888176113367081,24651,-1.75257810011317
"snogoo",2.34925770759583,6597,3.14812261473713
"snoowl1",0.0155323343351483,1867,-6.83384705320168
"snoplo5",0.0420194566249847,655,-1.1828157583887
"soater1",3.36742734909058,957,-4.57770607185611
"socfly1",0.16709740459919,17864,1.55722524212413
"soioys1",0.329941242933273,303,NA
"solsan",0.0297984201461077,7746,NA
"sonspa",0.375660076737404,16014,-0.239602515651557
"soogro1",0.0368105135858059,1267,0.0631331093356383
"soooys1",0.0375663973391056,742,NA
"sora",0.0150577798485756,6852,-0.827180426727128
"soubou1",0.149927049875259,1745,2.1598550067814
"soufis1",0.0548637770116329,5517,-2.13085032658115
"soulap1",0.66927820444107,23197,-0.127511062855343
"spbduc",0.0789549276232719,8757,NA
"spbfan1",0.0240209801122546,1528,5.02798075885543
"spbori",0.0437756106257439,446,NA
"spbpel1",0.117498595267534,956,NA
"spbwre1",0.317842587828636,1152,0.958599785947932
"speeid",0.0207947492599487,481,NA
"spepig1",0.620916664600372,14373,NA
"splfai1",0.0796510949730873,4559,-2.34430488848657
"spodov",0.828173667192459,17774,NA
"sponot1",0.0551206283271313,8683,3.01064534411933
"spoowl",0.00094227772206068,949,NA
"spoowl1",0.428412973880768,5679,1.24052504716808
"spopar1",0.129863038659096,2497,NA
"sposan",0.0951020941138268,16787,0.524275905712017
"sposta1",3.49381363391876,1584,1.48030984836648
"spotow",0.223011858761311,6748,0.242287717747214
"spowoo1",0.00642215250991285,638,-1.35732121016678
"sprgro",0.0678385347127914,10805,-2.24886150198706
"sprpip",0.0757775083184242,1379,NA
"spvear1",0.0858005881309509,1615,0.197304136177011
"spwqua1",0.00464102253317833,291,NA
"sstspa",0.0193763310089707,74,1.42320267551329
"steeid",0.0404297709465027,111,NA
"stejay",0.15126945078373,5105,0.999807813597633
"sthspa1",0.41328090429306,855,NA
"sthwoo1",0.0490236692130566,2377,2.55261625053924
"stisan",0.0426370687782764,1154,NA
"strfly1",0.184794075787067,18456,1.13314882180106
"strsal1",0.0835832320153713,1332,0.293770074003192
"strtho1",0.477272659540176,911,NA
"strwoo6",0.0638955384492874,948,NA
"stvhum2",0.0172076430171728,433,NA
"subfly",0.310024261474609,2339,1.58834137860383
"succoc",0.783204078674316,6218,1.31298604762095
"sumtan",0.191846594214439,5751,1.99346835579106
"supfai1",1.36228442192078,2273,2.34849538646502
"surfbi",0.00895273964852095,1377,-1.94003036639672
"sursco",0.0404543466866016,4679,-2.17670987464137
"swahar1",0.0297253374010324,1661,0.302440481689629
"swahaw",0.0578407570719719,7582,0.308844634335301
"swaspa",0.326256081461906,9138,0.516733454205909
"swathr",0.561122834682465,13469,-0.735843711394335
"swawar",0.0293729649856687,1506,3.30142844769968
"swtkit",0.106651678681374,11785,1.99486561057428
"syrwoo1",0.045445591211319,5585,NA
"taibap1",0.457311660051346,67,0.82823024347513
"taibar2",1.01250350475311,69,5.62677935465056
"taiscb1",0.930320680141449,75,0.959703683278164
"tenwar",0.478179275989532,9443,0.175740305558922
"thbkin",0.0725269503891468,950,-0.0876451124488459
"thelar1",0.278286635875702,3279,1.22987440308283
"thtray1",1.26727253198624,1036,0.395151197572939
"tomtit1",0.450232267379761,513,0.829648105402962
"torcro2",0.482253015041351,8988,0.442197869791959
"towsol",0.0526671074330807,5021,1.87448556972959
"towwar",0.144115597009659,2979,0.106370981657419
"treswa",0.45934647321701,19912,-1.401597843962
"tribla",0.148555867373943,246,-4.09339277035682
"triher",0.0741319134831429,2811,-0.699212023191238
"trokin",0.505726873874664,21463,0.221086142741376
"tromoc",0.208924077451229,4148,2.88968317851487
"tropar",0.0967586264014244,11330,3.44061921452579
"truswa",0.00759509019553661,4592,4.01432402202568
"tubmot1",0.164453767240047,754,0.864655291719958
"tuftit",1.17939519882202,4523,0.117147339642347
"tui1",0.600026786327362,558,0.246443205226877
"tunswa",0.0842243731021881,6806,-3.05661028591693
"turvul",0.398138493299484,43703,1.09735769762232
"tuttyr1",0.1304971575737,3917,-0.930967719422477
"uplgoo1",2.53462386131287,1821,-1.68588390175407
"uplsan",0.078928429633379,3774,-0.908794142733347
"varbun",0.136977337300777,1828,NA
"varfai1",0.580335319042206,9513,2.43072925776778
"varfai5",0.229876592755318,381,2.01804631674516
"varoys1",0.174068629741669,381,NA
"varsee3",0.206827938556671,1273,NA
"varthr",0.135747790336609,5325,-0.127065221957054
"vartit1",0.513245552778244,1428,1.27909630682936
"vauswi",0.0829801931977272,3059,-1.69332039550618
"veery",0.149309821426868,5498,-0.0924826061359867
"verdin",0.408137202262878,2961,-0.559954235165592
"verfly",0.112980775535107,13793,0.32371530565915
"vesspa",0.127009965479374,7306,-1.85217428093477
"vichum",0.0488114655017853,1113,0.899832179169442
"vigswa",0.185332499444485,8710,-0.895703266201545
"viosab1",0.0222383262589574,536,-0.096477397684629
"virrai",0.00237957632634789,4174,1.24579629414668
"virwar",0.0300688687711954,1335,-1.15114446668188
"wantat1",0.00785950012505054,1821,NA
"warvir",0.229186773300171,11973,1.71419182999047
"warwhe1",0.756256133317947,1570,NA
"watjac1",0.158043667674065,16137,-2.08366216200561
"wbseag1",0.0235873907804489,6928,0.0958634173475177
"welswa1",0.340402454137802,8167,1.10197172487699
"wepdov1",0.200050443410873,752,-0.70225229484131
"wesblu",0.0582841336727142,3307,-2.37352634511004
"wesfly",0.106578797101974,5600,0.841331258969724
"wesgre",0.0330380201339722,2142,-1.64801466009302
"wesgul",1.14225661754608,541,-1.92845496090578
"weskin",0.341864734888077,8159,-1.8066672654159
"wesmea",0.303839772939682,8506,-0.817555375727659
"wesowl1",0.00534457713365555,4241,-1.07610332444112
"wessan",0.347051426768303,1382,-0.283763015563543
"westan",0.145400524139404,6567,0.624102106266655
"weteag1",0.124676998704672,11310,-4.50189001946422
"wewpew",0.125611305236816,8935,0.346723566387422
"whbbla2",0.116796553134918,10220,NA
"whbbul2",0.23819325864315,2041,0.312404404652869
"whbnut",0.140393063426018,12222,1.22552975840075
"whbscr1",0.354660242795944,1283,1.98155802447815
"whbtre1",0.0395378097891808,105,NA
"whbwat1",0.210484161973,12574,3.68378860327286
"whbyuh1",0.110513180494308,4715,-0.523021204288324
"whcbar1",0.45434981584549,457,NA
"whcbul2",0.77399879693985,627,NA
"whcela1",0.107859030365944,4811,-0.301072866464803
"whcman1",0.112029813230038,570,1.87792022098954
"whcpar",0.365551233291626,964,1.7495583534625
"whcpig2",0.327944308519363,636,2.61620854509339
"whcpin",0.0206512957811356,4688,1.47926504158716
"whcsee1",0.514207899570465,1452,0.577137365871569
"whcspa",0.686529397964478,13008,-0.251932783896522
"whcsta1",0.225052639842033,7776,NA
"whebuz1",0.0588400065898895,4332,1.28797102800393
"whevir",0.525649309158325,4248,1.87895452023331
"whfher1",0.0420903414487839,11093,NA
"whfibi",0.153603941202164,8279,0.101517393613623
"whfpar1",0.641783267259598,1320,1.61442942177677
"whfter1",2.2132443189621,462,-0.0400018458700687
"whhwoo",0.0126282661221921,508,0.379866472977237
"whiibi",0.295337706804276,2865,0.269346969792504
"whikit1",0.167889282107353,10886,0.543851519832439
"whimbr",0.0458885729312897,10531,NA
"whiteh1",0.39838582277298,193,NA
"whoswa",0.0491901710629463,17355,NA
"whrsha",0.131427258253098,5827,2.876843365355
"whtdov",0.387334898114204,23726,2.66837417566861
"whthaw",0.0233089290559292,15518,NA
"whtkit",0.00285788113251328,12206,-3.58729103221139
"whtspa",1.2206609249115,9588,-0.212527865780212
"whtswi",0.115211769938469,5085,-0.228660967459408
"whttre3",0.270799487829208,1349,-0.209936818665996
"whwcro",0.566633582115173,12715,2.10761494540948
"whwdov",1.21391141414642,6573,0.77185701175727
"whwpar",0.395245432853699,1430,NA
"whwsco2",0.0734058283269405,4774,-1.9791837965151
"wilfly",0.0450432896614075,6317,-0.0287556816359836
"willet1",0.0707374550402164,3962,-0.358151157706241
"wilpha",0.082550659775734,4011,NA
"wilplo",0.0335428789258003,1389,-0.434462671951142
"wilpta",0.109326988458633,12102,-1.99223758914079
"wilsap",0.0188961010426283,1513,-2.72149019738585
"wilsni1",0.22629302740097,17138,1.09335737872438
"wiltur",0.111587937921286,12274,-0.119996866021927
"winwre3",0.231827914714813,6445,-0.418162269731035
"wlswar",0.146248050034046,11848,-1.72975885292733
"wlwwar",0.516424179077148,11981,NA
"woewar1",0.0273788888007402,1764,-2.14177843593585
"wonsto1",0.0794728547334671,4057,1.28944472951174
"wooduc",0.0904092527925968,9618,0.491331581849327
"wooscj2",0.0992781184613705,3264,1.35841943433637
"wooshr1",0.144803434610367,5401,NA
"woosto",0.101800806820393,10610,-1.24861742110668
"woothr",0.138283595442772,5056,1.11163180976505
"wrenti",0.33213210105896,515,-0.0708284291117144
"wtmjay1",0.457677870988846,807,0.699551938899847
"y00475",0.0718826800584793,8634,-4.48681068037242
"y00478",0.333054840564728,5681,-2.68968607002681
"y00599",0.217091649770737,628,NA
"y00678",0.336269110441208,25254,2.20516488936236
"ycnher",0.0197071004658937,3648,-0.633539488006961
"yebbab1",1.11770612001419,1222,NA
"yebbul3",0.260773003101349,284,NA
"yebcha",0.112463403493166,9728,0.826137830627247
"yebcuc",0.153797641396523,8733,1.8644978872427
"yebduc1",0.0246647335588932,3800,NA
"yebela1",0.168390601873398,15024,0.505236948756582
"yebfly",0.186449289321899,7887,3.05695683430196
"yebmag",0.149265825748444,126,-2.01682345130866
"yebori1",0.0488470122218132,1227,2.6853435742197
"yebpin1",0.450249582529068,4723,0.635415742923946
"yebsap",0.188167557120323,7306,-1.4256784136877
"yebtea1",0.729518592357635,6168,-0.129750112248533
"yeceup1",0.258646994829178,511,NA
"yecpar",1.20409113168716,8360,NA
"yeejun",0.16312538087368,915,-1.21972326142609
"yefgra1",0.197168007493019,2166,1.29496209221987
"yefhon1",0.337378427386284,1528,NA
"yefpig1",0.500302463769913,5028,4.52293626803759
"yehbla",0.202891945838928,4528,0.232745840844764
"yehcar1",0.186693206429482,17860,0.934777665186736
"yelgul1",0.350821986794472,4198,1.19810101406453
"yelrob1",0.158688381314278,1623,-2.34313761861586
"yelwar",0.357140272855759,22742,0.0778275039051286
"yerwar",0.665944278240204,16184,-1.01529873117723
"yeteup1",0.264925599098206,1171,NA
"yetvir",0.0746686086058617,5507,1.91911982510418
"yetwar",0.090526457875967,3202,1.63988888207595
"yewcac1",0.392082124948502,481,-1.38004132489446
"yewlap2",0.279585182666779,4242,1.76866059152842
"yewtan1",0.220713883638382,1046,NA
"ytbcoc1",0.282093316316605,1160,0.563085033921994
"zendov",0.13112710416317,583,NA
"zothaw",0.00398823758587241,14179,0.678286147664653
